{"polyfill":["/polyfill-75f920c350ad1c7081fe.js"],"app":["/app-7e1b1cb0a64c4330066e.js"],"component---node-modules-gatsby-plugin-offline-app-shell-js":["/component---node-modules-gatsby-plugin-offline-app-shell-js-6fd1ed886a4c201f1296.js"],"component---src-pages-404-js":["/component---src-pages-404-js-0b02d780ebc5106ad80f.js"],"component---src-pages-blogposts-js":["/component---src-pages-blogposts-js-39077342c7346920826e.js"],"component---src-pages-contact-js":["/component---src-pages-contact-js-62768d9c881f71122047.js"],"component---src-pages-index-js":["/component---src-pages-index-js-331e971b7fa6b421ce98.js"],"component---src-pages-job-info-js":["/component---src-pages-job-info-js-723dbf147bd87cc7cda0.js"],"component---src-pages-job-js":["/component---src-pages-job-js-15249da4f24c87e6ef2c.js"],"component---src-pages-team-js":["/component---src-pages-team-js-93c45b132f369af76243.js"],"component---src-templates-blog-post-js":["/component---src-templates-blog-post-js-11bb1da958e88faa8f23.js"]}