{"errors":[],"warnings":[],"namedChunkGroups":{"polyfill":{"chunks":[6,4,18],"assets":["webpack-runtime-9a7ba4ad90d2be3db5b7.js","webpack-runtime-9a7ba4ad90d2be3db5b7.js.map","aeaf97e09c1d8afdc779f91c701523708a4c17d6-d6a7d765842d17f89ee1.js","aeaf97e09c1d8afdc779f91c701523708a4c17d6-d6a7d765842d17f89ee1.js.map","polyfill-75f920c350ad1c7081fe.js","polyfill-75f920c350ad1c7081fe.js.map"],"children":{},"childAssets":{}},"app":{"chunks":[6,17,7],"assets":["webpack-runtime-9a7ba4ad90d2be3db5b7.js","webpack-runtime-9a7ba4ad90d2be3db5b7.js.map","framework-88141e8bb2fa5a1effff.js","framework-88141e8bb2fa5a1effff.js.map","app-7e1b1cb0a64c4330066e.js","app-7e1b1cb0a64c4330066e.js.map"],"children":{},"childAssets":{}},"component---node-modules-gatsby-plugin-offline-app-shell-js":{"chunks":[8],"assets":["component---node-modules-gatsby-plugin-offline-app-shell-js-6fd1ed886a4c201f1296.js","component---node-modules-gatsby-plugin-offline-app-shell-js-6fd1ed886a4c201f1296.js.map"],"children":{},"childAssets":{}},"component---src-pages-404-js":{"chunks":[1,0,9],"assets":["styles.33247dcd5858ed09c485.css","styles-c2fe8482057191dca484.js","styles-c2fe8482057191dca484.js.map","0cba6faa4993d0575f14f8a1afd02d2c2ea8aac7-869cf0ec89f9e6fffc35.js","0cba6faa4993d0575f14f8a1afd02d2c2ea8aac7-869cf0ec89f9e6fffc35.js.map","component---src-pages-404-js-0b02d780ebc5106ad80f.js","component---src-pages-404-js-0b02d780ebc5106ad80f.js.map"],"children":{},"childAssets":{}},"component---src-pages-blogposts-js":{"chunks":[1,0,3,5,10],"assets":["styles.33247dcd5858ed09c485.css","styles-c2fe8482057191dca484.js","styles-c2fe8482057191dca484.js.map","0cba6faa4993d0575f14f8a1afd02d2c2ea8aac7-869cf0ec89f9e6fffc35.js","0cba6faa4993d0575f14f8a1afd02d2c2ea8aac7-869cf0ec89f9e6fffc35.js.map","78b632d5c3bace14dc7cd87e3db609b7b11feda3-669d24a200af49d0368c.js","78b632d5c3bace14dc7cd87e3db609b7b11feda3-669d24a200af49d0368c.js.map","e29e37ef4cdf404b3dd00e57a6f016eff0146b46-e1ecf945c49987d535db.js","e29e37ef4cdf404b3dd00e57a6f016eff0146b46-e1ecf945c49987d535db.js.map","component---src-pages-blogposts-js-39077342c7346920826e.js","component---src-pages-blogposts-js-39077342c7346920826e.js.map"],"children":{},"childAssets":{}},"component---src-pages-contact-js":{"chunks":[1,0,2,11],"assets":["styles.33247dcd5858ed09c485.css","styles-c2fe8482057191dca484.js","styles-c2fe8482057191dca484.js.map","0cba6faa4993d0575f14f8a1afd02d2c2ea8aac7-869cf0ec89f9e6fffc35.js","0cba6faa4993d0575f14f8a1afd02d2c2ea8aac7-869cf0ec89f9e6fffc35.js.map","0ca480e8af786fe4c7a57238f976243e715ef4fa-5a2502ddb26cad72b0b5.js","0ca480e8af786fe4c7a57238f976243e715ef4fa-5a2502ddb26cad72b0b5.js.map","component---src-pages-contact-js-62768d9c881f71122047.js","component---src-pages-contact-js-62768d9c881f71122047.js.map"],"children":{},"childAssets":{}},"component---src-pages-index-js":{"chunks":[1,0,12],"assets":["styles.33247dcd5858ed09c485.css","styles-c2fe8482057191dca484.js","styles-c2fe8482057191dca484.js.map","0cba6faa4993d0575f14f8a1afd02d2c2ea8aac7-869cf0ec89f9e6fffc35.js","0cba6faa4993d0575f14f8a1afd02d2c2ea8aac7-869cf0ec89f9e6fffc35.js.map","component---src-pages-index-js-331e971b7fa6b421ce98.js","component---src-pages-index-js-331e971b7fa6b421ce98.js.map"],"children":{},"childAssets":{}},"component---src-pages-job-info-js":{"chunks":[1,0,13],"assets":["styles.33247dcd5858ed09c485.css","styles-c2fe8482057191dca484.js","styles-c2fe8482057191dca484.js.map","0cba6faa4993d0575f14f8a1afd02d2c2ea8aac7-869cf0ec89f9e6fffc35.js","0cba6faa4993d0575f14f8a1afd02d2c2ea8aac7-869cf0ec89f9e6fffc35.js.map","component---src-pages-job-info-js-723dbf147bd87cc7cda0.js","component---src-pages-job-info-js-723dbf147bd87cc7cda0.js.map"],"children":{},"childAssets":{}},"component---src-pages-job-js":{"chunks":[1,0,2,14],"assets":["styles.33247dcd5858ed09c485.css","styles-c2fe8482057191dca484.js","styles-c2fe8482057191dca484.js.map","0cba6faa4993d0575f14f8a1afd02d2c2ea8aac7-869cf0ec89f9e6fffc35.js","0cba6faa4993d0575f14f8a1afd02d2c2ea8aac7-869cf0ec89f9e6fffc35.js.map","0ca480e8af786fe4c7a57238f976243e715ef4fa-5a2502ddb26cad72b0b5.js","0ca480e8af786fe4c7a57238f976243e715ef4fa-5a2502ddb26cad72b0b5.js.map","component---src-pages-job-js-15249da4f24c87e6ef2c.js","component---src-pages-job-js-15249da4f24c87e6ef2c.js.map"],"children":{},"childAssets":{}},"component---src-pages-team-js":{"chunks":[1,0,5,4,15],"assets":["styles.33247dcd5858ed09c485.css","styles-c2fe8482057191dca484.js","styles-c2fe8482057191dca484.js.map","0cba6faa4993d0575f14f8a1afd02d2c2ea8aac7-869cf0ec89f9e6fffc35.js","0cba6faa4993d0575f14f8a1afd02d2c2ea8aac7-869cf0ec89f9e6fffc35.js.map","e29e37ef4cdf404b3dd00e57a6f016eff0146b46-e1ecf945c49987d535db.js","e29e37ef4cdf404b3dd00e57a6f016eff0146b46-e1ecf945c49987d535db.js.map","aeaf97e09c1d8afdc779f91c701523708a4c17d6-d6a7d765842d17f89ee1.js","aeaf97e09c1d8afdc779f91c701523708a4c17d6-d6a7d765842d17f89ee1.js.map","component---src-pages-team-js-93c45b132f369af76243.js","component---src-pages-team-js-93c45b132f369af76243.js.map"],"children":{},"childAssets":{}},"component---src-templates-blog-post-js":{"chunks":[1,0,3,16],"assets":["styles.33247dcd5858ed09c485.css","styles-c2fe8482057191dca484.js","styles-c2fe8482057191dca484.js.map","0cba6faa4993d0575f14f8a1afd02d2c2ea8aac7-869cf0ec89f9e6fffc35.js","0cba6faa4993d0575f14f8a1afd02d2c2ea8aac7-869cf0ec89f9e6fffc35.js.map","78b632d5c3bace14dc7cd87e3db609b7b11feda3-669d24a200af49d0368c.js","78b632d5c3bace14dc7cd87e3db609b7b11feda3-669d24a200af49d0368c.js.map","component---src-templates-blog-post-js-11bb1da958e88faa8f23.js","component---src-templates-blog-post-js-11bb1da958e88faa8f23.js.map"],"children":{},"childAssets":{}}},"assetsByChunkName":{"polyfill":["webpack-runtime-9a7ba4ad90d2be3db5b7.js","aeaf97e09c1d8afdc779f91c701523708a4c17d6-d6a7d765842d17f89ee1.js","polyfill-75f920c350ad1c7081fe.js"],"app":["webpack-runtime-9a7ba4ad90d2be3db5b7.js","framework-88141e8bb2fa5a1effff.js","app-7e1b1cb0a64c4330066e.js"],"component---node-modules-gatsby-plugin-offline-app-shell-js":["component---node-modules-gatsby-plugin-offline-app-shell-js-6fd1ed886a4c201f1296.js"],"component---src-pages-404-js":["styles.33247dcd5858ed09c485.css","styles-c2fe8482057191dca484.js","0cba6faa4993d0575f14f8a1afd02d2c2ea8aac7-869cf0ec89f9e6fffc35.js","component---src-pages-404-js-0b02d780ebc5106ad80f.js"],"component---src-pages-blogposts-js":["styles.33247dcd5858ed09c485.css","styles-c2fe8482057191dca484.js","0cba6faa4993d0575f14f8a1afd02d2c2ea8aac7-869cf0ec89f9e6fffc35.js","78b632d5c3bace14dc7cd87e3db609b7b11feda3-669d24a200af49d0368c.js","e29e37ef4cdf404b3dd00e57a6f016eff0146b46-e1ecf945c49987d535db.js","component---src-pages-blogposts-js-39077342c7346920826e.js"],"component---src-pages-contact-js":["styles.33247dcd5858ed09c485.css","styles-c2fe8482057191dca484.js","0cba6faa4993d0575f14f8a1afd02d2c2ea8aac7-869cf0ec89f9e6fffc35.js","0ca480e8af786fe4c7a57238f976243e715ef4fa-5a2502ddb26cad72b0b5.js","component---src-pages-contact-js-62768d9c881f71122047.js"],"component---src-pages-index-js":["styles.33247dcd5858ed09c485.css","styles-c2fe8482057191dca484.js","0cba6faa4993d0575f14f8a1afd02d2c2ea8aac7-869cf0ec89f9e6fffc35.js","component---src-pages-index-js-331e971b7fa6b421ce98.js"],"component---src-pages-job-info-js":["styles.33247dcd5858ed09c485.css","styles-c2fe8482057191dca484.js","0cba6faa4993d0575f14f8a1afd02d2c2ea8aac7-869cf0ec89f9e6fffc35.js","component---src-pages-job-info-js-723dbf147bd87cc7cda0.js"],"component---src-pages-job-js":["styles.33247dcd5858ed09c485.css","styles-c2fe8482057191dca484.js","0cba6faa4993d0575f14f8a1afd02d2c2ea8aac7-869cf0ec89f9e6fffc35.js","0ca480e8af786fe4c7a57238f976243e715ef4fa-5a2502ddb26cad72b0b5.js","component---src-pages-job-js-15249da4f24c87e6ef2c.js"],"component---src-pages-team-js":["styles.33247dcd5858ed09c485.css","styles-c2fe8482057191dca484.js","0cba6faa4993d0575f14f8a1afd02d2c2ea8aac7-869cf0ec89f9e6fffc35.js","e29e37ef4cdf404b3dd00e57a6f016eff0146b46-e1ecf945c49987d535db.js","aeaf97e09c1d8afdc779f91c701523708a4c17d6-d6a7d765842d17f89ee1.js","component---src-pages-team-js-93c45b132f369af76243.js"],"component---src-templates-blog-post-js":["styles.33247dcd5858ed09c485.css","styles-c2fe8482057191dca484.js","0cba6faa4993d0575f14f8a1afd02d2c2ea8aac7-869cf0ec89f9e6fffc35.js","78b632d5c3bace14dc7cd87e3db609b7b11feda3-669d24a200af49d0368c.js","component---src-templates-blog-post-js-11bb1da958e88faa8f23.js"]}}